<annotation>
    <folder>images</folder>
    <filename>Misc_330.png</filename>
    <size>
        <width>339</width>
        <height>258</height>
        <depth>3</depth>
    </size>
    <segmented>0</segmented>
    <object>
        <name>Target</name>
        <pose>Unspecified</pose>
        <truncated>0</truncated>
        <occluded>0</occluded>
        <difficult>0</difficult>
        <pixels>
            <id>0</id>
        </pixels>
        <bndbox>
            <xmin>309</xmin>
            <ymin>15</ymin>
            <xmax>314</xmax>
            <ymax>20</ymax>
        </bndbox>
    </object>
</annotation>