<annotation>
    <folder>images</folder>
    <filename>Misc_16.png</filename>
    <size>
        <width>284</width>
        <height>208</height>
        <depth>3</depth>
    </size>
    <segmented>0</segmented>
    <object>
        <name>Target</name>
        <pose>Unspecified</pose>
        <truncated>0</truncated>
        <occluded>0</occluded>
        <difficult>0</difficult>
        <pixels>
            <id>0</id>
        </pixels>
        <bndbox>
            <xmin>206</xmin>
            <ymin>132</ymin>
            <xmax>208</xmax>
            <ymax>136</ymax>
        </bndbox>
    </object>
</annotation>