<annotation>
    <folder>images</folder>
    <filename>Misc_148.png</filename>
    <size>
        <width>286</width>
        <height>200</height>
        <depth>3</depth>
    </size>
    <segmented>0</segmented>
    <object>
        <name>Target</name>
        <pose>Unspecified</pose>
        <truncated>0</truncated>
        <occluded>0</occluded>
        <difficult>0</difficult>
        <pixels>
            <id>0</id>
        </pixels>
        <bndbox>
            <xmin>204</xmin>
            <ymin>156</ymin>
            <xmax>208</xmax>
            <ymax>158</ymax>
        </bndbox>
    </object>
</annotation>