<annotation>
    <folder>images</folder>
    <filename>Misc_146.png</filename>
    <size>
        <width>283</width>
        <height>232</height>
        <depth>3</depth>
    </size>
    <segmented>0</segmented>
    <object>
        <name>Target</name>
        <pose>Unspecified</pose>
        <truncated>0</truncated>
        <occluded>0</occluded>
        <difficult>0</difficult>
        <pixels>
            <id>0</id>
        </pixels>
        <bndbox>
            <xmin>145</xmin>
            <ymin>116</ymin>
            <xmax>153</xmax>
            <ymax>117</ymax>
        </bndbox>
    </object>
</annotation>