<annotation>
    <folder>images</folder>
    <filename>Misc_372.png</filename>
    <size>
        <width>232</width>
        <height>220</height>
        <depth>3</depth>
    </size>
    <segmented>0</segmented>
    <object>
        <name>Target</name>
        <pose>Unspecified</pose>
        <truncated>0</truncated>
        <occluded>0</occluded>
        <difficult>0</difficult>
        <pixels>
            <id>0</id>
        </pixels>
        <bndbox>
            <xmin>72</xmin>
            <ymin>16</ymin>
            <xmax>76</xmax>
            <ymax>19</ymax>
        </bndbox>
    </object>
</annotation>