<annotation>
    <folder>images</folder>
    <filename>Misc_358.png</filename>
    <size>
        <width>332</width>
        <height>332</height>
        <depth>3</depth>
    </size>
    <segmented>0</segmented>
    <object>
        <name>Target</name>
        <pose>Unspecified</pose>
        <truncated>0</truncated>
        <occluded>0</occluded>
        <difficult>0</difficult>
        <pixels>
            <id>0</id>
        </pixels>
        <bndbox>
            <xmin>110</xmin>
            <ymin>29</ymin>
            <xmax>116</xmax>
            <ymax>38</ymax>
        </bndbox>
    </object>
</annotation>