<annotation>
    <folder>images</folder>
    <filename>Misc_258.png</filename>
    <size>
        <width>252</width>
        <height>161</height>
        <depth>3</depth>
    </size>
    <segmented>0</segmented>
    <object>
        <name>Target</name>
        <pose>Unspecified</pose>
        <truncated>0</truncated>
        <occluded>0</occluded>
        <difficult>0</difficult>
        <pixels>
            <id>0</id>
        </pixels>
        <bndbox>
            <xmin>228</xmin>
            <ymin>21</ymin>
            <xmax>231</xmax>
            <ymax>24</ymax>
        </bndbox>
    </object>
</annotation>