<annotation>
    <folder>images</folder>
    <filename>Misc_399.png</filename>
    <size>
        <width>298</width>
        <height>217</height>
        <depth>3</depth>
    </size>
    <segmented>0</segmented>
    <object>
        <name>Target</name>
        <pose>Unspecified</pose>
        <truncated>0</truncated>
        <occluded>0</occluded>
        <difficult>0</difficult>
        <pixels>
            <id>0</id>
        </pixels>
        <bndbox>
            <xmin>261</xmin>
            <ymin>119</ymin>
            <xmax>268</xmax>
            <ymax>125</ymax>
        </bndbox>
    </object>
</annotation>