<annotation>
    <folder>images</folder>
    <filename>Misc_73.png</filename>
    <size>
        <width>331</width>
        <height>265</height>
        <depth>3</depth>
    </size>
    <segmented>0</segmented>
    <object>
        <name>Target</name>
        <pose>Unspecified</pose>
        <truncated>0</truncated>
        <occluded>0</occluded>
        <difficult>0</difficult>
        <pixels>
            <id>0</id>
        </pixels>
        <bndbox>
            <xmin>269</xmin>
            <ymin>67</ymin>
            <xmax>271</xmax>
            <ymax>69</ymax>
        </bndbox>
    </object>
</annotation>