<annotation>
    <folder>images</folder>
    <filename>Misc_304.png</filename>
    <size>
        <width>210</width>
        <height>210</height>
        <depth>3</depth>
    </size>
    <segmented>0</segmented>
    <object>
        <name>Target</name>
        <pose>Unspecified</pose>
        <truncated>0</truncated>
        <occluded>0</occluded>
        <difficult>0</difficult>
        <pixels>
            <id>0</id>
        </pixels>
        <bndbox>
            <xmin>101</xmin>
            <ymin>109</ymin>
            <xmax>106</xmax>
            <ymax>112</ymax>
        </bndbox>
    </object>
</annotation>