<annotation>
    <folder>images</folder>
    <filename>Misc_398.png</filename>
    <size>
        <width>281</width>
        <height>284</height>
        <depth>3</depth>
    </size>
    <segmented>0</segmented>
    <object>
        <name>Target</name>
        <pose>Unspecified</pose>
        <truncated>0</truncated>
        <occluded>0</occluded>
        <difficult>0</difficult>
        <pixels>
            <id>0</id>
        </pixels>
        <bndbox>
            <xmin>62</xmin>
            <ymin>271</ymin>
            <xmax>69</xmax>
            <ymax>279</ymax>
        </bndbox>
    </object>
</annotation>