<annotation>
    <folder>images</folder>
    <filename>Misc_105.png</filename>
    <size>
        <width>329</width>
        <height>215</height>
        <depth>3</depth>
    </size>
    <segmented>0</segmented>
    <object>
        <name>Target</name>
        <pose>Unspecified</pose>
        <truncated>0</truncated>
        <occluded>0</occluded>
        <difficult>0</difficult>
        <pixels>
            <id>0</id>
        </pixels>
        <bndbox>
            <xmin>123</xmin>
            <ymin>141</ymin>
            <xmax>281</xmax>
            <ymax>162</ymax>
        </bndbox>
    </object>
</annotation>