<annotation>
    <folder>images</folder>
    <filename>Misc_366.png</filename>
    <size>
        <width>259</width>
        <height>259</height>
        <depth>3</depth>
    </size>
    <segmented>0</segmented>
    <object>
        <name>Target</name>
        <pose>Unspecified</pose>
        <truncated>0</truncated>
        <occluded>0</occluded>
        <difficult>0</difficult>
        <pixels>
            <id>0</id>
        </pixels>
        <bndbox>
            <xmin>114</xmin>
            <ymin>14</ymin>
            <xmax>117</xmax>
            <ymax>17</ymax>
        </bndbox>
    </object>
</annotation>