<annotation>
    <folder>images</folder>
    <filename>Misc_305.png</filename>
    <size>
        <width>303</width>
        <height>200</height>
        <depth>3</depth>
    </size>
    <segmented>0</segmented>
    <object>
        <name>Target</name>
        <pose>Unspecified</pose>
        <truncated>0</truncated>
        <occluded>0</occluded>
        <difficult>0</difficult>
        <pixels>
            <id>0</id>
        </pixels>
        <bndbox>
            <xmin>26</xmin>
            <ymin>53</ymin>
            <xmax>31</xmax>
            <ymax>57</ymax>
        </bndbox>
    </object>
</annotation>