<annotation>
    <folder>images</folder>
    <filename>Misc_43.png</filename>
    <size>
        <width>296</width>
        <height>194</height>
        <depth>3</depth>
    </size>
    <segmented>0</segmented>
    <object>
        <name>Target</name>
        <pose>Unspecified</pose>
        <truncated>0</truncated>
        <occluded>0</occluded>
        <difficult>0</difficult>
        <pixels>
            <id>0</id>
        </pixels>
        <bndbox>
            <xmin>115</xmin>
            <ymin>81</ymin>
            <xmax>119</xmax>
            <ymax>84</ymax>
        </bndbox>
    </object>
</annotation>