<annotation>
    <folder>images</folder>
    <filename>Misc_176.png</filename>
    <size>
        <width>332</width>
        <height>221</height>
        <depth>3</depth>
    </size>
    <segmented>0</segmented>
    <object>
        <name>Target</name>
        <pose>Unspecified</pose>
        <truncated>0</truncated>
        <occluded>0</occluded>
        <difficult>0</difficult>
        <pixels>
            <id>0</id>
        </pixels>
        <bndbox>
            <xmin>282</xmin>
            <ymin>169</ymin>
            <xmax>287</xmax>
            <ymax>172</ymax>
        </bndbox>
    </object>
</annotation>