<annotation>
    <folder>images</folder>
    <filename>Misc_58.png</filename>
    <size>
        <width>330</width>
        <height>252</height>
        <depth>3</depth>
    </size>
    <segmented>0</segmented>
    <object>
        <name>Target</name>
        <pose>Unspecified</pose>
        <truncated>0</truncated>
        <occluded>0</occluded>
        <difficult>0</difficult>
        <pixels>
            <id>0</id>
        </pixels>
        <bndbox>
            <xmin>48</xmin>
            <ymin>14</ymin>
            <xmax>63</xmax>
            <ymax>18</ymax>
        </bndbox>
    </object>
</annotation>