<annotation>
    <folder>images</folder>
    <filename>Misc_46.png</filename>
    <size>
        <width>289</width>
        <height>200</height>
        <depth>3</depth>
    </size>
    <segmented>0</segmented>
    <object>
        <name>Target</name>
        <pose>Unspecified</pose>
        <truncated>0</truncated>
        <occluded>0</occluded>
        <difficult>0</difficult>
        <pixels>
            <id>0</id>
        </pixels>
        <bndbox>
            <xmin>141</xmin>
            <ymin>80</ymin>
            <xmax>146</xmax>
            <ymax>85</ymax>
        </bndbox>
    </object>
</annotation>