<annotation>
    <folder>images</folder>
    <filename>Misc_230.png</filename>
    <size>
        <width>284</width>
        <height>190</height>
        <depth>3</depth>
    </size>
    <segmented>0</segmented>
    <object>
        <name>Target</name>
        <pose>Unspecified</pose>
        <truncated>0</truncated>
        <occluded>0</occluded>
        <difficult>0</difficult>
        <pixels>
            <id>0</id>
        </pixels>
        <bndbox>
            <xmin>58</xmin>
            <ymin>73</ymin>
            <xmax>62</xmax>
            <ymax>78</ymax>
        </bndbox>
    </object>
</annotation>