<annotation>
    <folder>images</folder>
    <filename>Misc_214.png</filename>
    <size>
        <width>300</width>
        <height>194</height>
        <depth>3</depth>
    </size>
    <segmented>0</segmented>
    <object>
        <name>Target</name>
        <pose>Unspecified</pose>
        <truncated>0</truncated>
        <occluded>0</occluded>
        <difficult>0</difficult>
        <pixels>
            <id>0</id>
        </pixels>
        <bndbox>
            <xmin>139</xmin>
            <ymin>72</ymin>
            <xmax>156</xmax>
            <ymax>82</ymax>
        </bndbox>
    </object>
</annotation>