<annotation>
    <folder>images</folder>
    <filename>Misc_324.png</filename>
    <size>
        <width>278</width>
        <height>178</height>
        <depth>3</depth>
    </size>
    <segmented>0</segmented>
    <object>
        <name>Target</name>
        <pose>Unspecified</pose>
        <truncated>0</truncated>
        <occluded>0</occluded>
        <difficult>0</difficult>
        <pixels>
            <id>0</id>
        </pixels>
        <bndbox>
            <xmin>16</xmin>
            <ymin>18</ymin>
            <xmax>19</xmax>
            <ymax>23</ymax>
        </bndbox>
    </object>
</annotation>