<annotation>
    <folder>images</folder>
    <filename>Misc_347.png</filename>
    <size>
        <width>296</width>
        <height>223</height>
        <depth>3</depth>
    </size>
    <segmented>0</segmented>
    <object>
        <name>Target</name>
        <pose>Unspecified</pose>
        <truncated>0</truncated>
        <occluded>0</occluded>
        <difficult>0</difficult>
        <pixels>
            <id>0</id>
        </pixels>
        <bndbox>
            <xmin>96</xmin>
            <ymin>134</ymin>
            <xmax>98</xmax>
            <ymax>135</ymax>
        </bndbox>
    </object>
</annotation>