<annotation>
    <folder>images</folder>
    <filename>Misc_268.png</filename>
    <size>
        <width>315</width>
        <height>210</height>
        <depth>3</depth>
    </size>
    <segmented>0</segmented>
    <object>
        <name>Target</name>
        <pose>Unspecified</pose>
        <truncated>0</truncated>
        <occluded>0</occluded>
        <difficult>0</difficult>
        <pixels>
            <id>0</id>
        </pixels>
        <bndbox>
            <xmin>138</xmin>
            <ymin>102</ymin>
            <xmax>143</xmax>
            <ymax>106</ymax>
        </bndbox>
    </object>
</annotation>