<annotation>
    <folder>images</folder>
    <filename>Misc_400.png</filename>
    <size>
        <width>306</width>
        <height>211</height>
        <depth>3</depth>
    </size>
    <segmented>0</segmented>
    <object>
        <name>Target</name>
        <pose>Unspecified</pose>
        <truncated>0</truncated>
        <occluded>0</occluded>
        <difficult>0</difficult>
        <pixels>
            <id>0</id>
        </pixels>
        <bndbox>
            <xmin>218</xmin>
            <ymin>7</ymin>
            <xmax>225</xmax>
            <ymax>16</ymax>
        </bndbox>
    </object>
</annotation>