<annotation>
    <folder>images</folder>
    <filename>Misc_245.png</filename>
    <size>
        <width>329</width>
        <height>231</height>
        <depth>3</depth>
    </size>
    <segmented>0</segmented>
    <object>
        <name>Target</name>
        <pose>Unspecified</pose>
        <truncated>0</truncated>
        <occluded>0</occluded>
        <difficult>0</difficult>
        <pixels>
            <id>0</id>
        </pixels>
        <bndbox>
            <xmin>302</xmin>
            <ymin>34</ymin>
            <xmax>307</xmax>
            <ymax>39</ymax>
        </bndbox>
    </object>
</annotation>