<annotation>
    <folder>images</folder>
    <filename>Misc_44.png</filename>
    <size>
        <width>311</width>
        <height>197</height>
        <depth>3</depth>
    </size>
    <segmented>0</segmented>
    <object>
        <name>Target</name>
        <pose>Unspecified</pose>
        <truncated>0</truncated>
        <occluded>0</occluded>
        <difficult>0</difficult>
        <pixels>
            <id>0</id>
        </pixels>
        <bndbox>
            <xmin>155</xmin>
            <ymin>87</ymin>
            <xmax>160</xmax>
            <ymax>98</ymax>
        </bndbox>
    </object>
</annotation>