<annotation>
    <folder>images</folder>
    <filename>Misc_284.png</filename>
    <size>
        <width>323</width>
        <height>204</height>
        <depth>3</depth>
    </size>
    <segmented>0</segmented>
    <object>
        <name>Target</name>
        <pose>Unspecified</pose>
        <truncated>0</truncated>
        <occluded>0</occluded>
        <difficult>0</difficult>
        <pixels>
            <id>0</id>
        </pixels>
        <bndbox>
            <xmin>64</xmin>
            <ymin>42</ymin>
            <xmax>317</xmax>
            <ymax>168</ymax>
        </bndbox>
    </object>
</annotation>