<annotation>
    <folder>images</folder>
    <filename>Misc_151.png</filename>
    <size>
        <width>286</width>
        <height>175</height>
        <depth>3</depth>
    </size>
    <segmented>0</segmented>
    <object>
        <name>Target</name>
        <pose>Unspecified</pose>
        <truncated>0</truncated>
        <occluded>0</occluded>
        <difficult>0</difficult>
        <pixels>
            <id>0</id>
        </pixels>
        <bndbox>
            <xmin>77</xmin>
            <ymin>79</ymin>
            <xmax>81</xmax>
            <ymax>82</ymax>
        </bndbox>
    </object>
</annotation>