<annotation>
    <folder>images</folder>
    <filename>Misc_408.png</filename>
    <size>
        <width>310</width>
        <height>310</height>
        <depth>3</depth>
    </size>
    <segmented>0</segmented>
    <object>
        <name>Target</name>
        <pose>Unspecified</pose>
        <truncated>0</truncated>
        <occluded>0</occluded>
        <difficult>0</difficult>
        <pixels>
            <id>0</id>
        </pixels>
        <bndbox>
            <xmin>145</xmin>
            <ymin>34</ymin>
            <xmax>154</xmax>
            <ymax>38</ymax>
        </bndbox>
    </object>
</annotation>