<annotation>
    <folder>images</folder>
    <filename>Misc_14.png</filename>
    <size>
        <width>250</width>
        <height>250</height>
        <depth>3</depth>
    </size>
    <segmented>0</segmented>
    <object>
        <name>Target</name>
        <pose>Unspecified</pose>
        <truncated>0</truncated>
        <occluded>0</occluded>
        <difficult>0</difficult>
        <pixels>
            <id>0</id>
        </pixels>
        <bndbox>
            <xmin>218</xmin>
            <ymin>151</ymin>
            <xmax>220</xmax>
            <ymax>154</ymax>
        </bndbox>
    </object>
</annotation>