<annotation>
    <folder>images</folder>
    <filename>Misc_376.png</filename>
    <size>
        <width>251</width>
        <height>205</height>
        <depth>3</depth>
    </size>
    <segmented>0</segmented>
    <object>
        <name>Target</name>
        <pose>Unspecified</pose>
        <truncated>0</truncated>
        <occluded>0</occluded>
        <difficult>0</difficult>
        <pixels>
            <id>0</id>
        </pixels>
        <bndbox>
            <xmin>21</xmin>
            <ymin>116</ymin>
            <xmax>29</xmax>
            <ymax>124</ymax>
        </bndbox>
    </object>
</annotation>