<annotation>
    <folder>images</folder>
    <filename>Misc_348.png</filename>
    <size>
        <width>375</width>
        <height>319</height>
        <depth>3</depth>
    </size>
    <segmented>0</segmented>
    <object>
        <name>Target</name>
        <pose>Unspecified</pose>
        <truncated>0</truncated>
        <occluded>0</occluded>
        <difficult>0</difficult>
        <pixels>
            <id>0</id>
        </pixels>
        <bndbox>
            <xmin>31</xmin>
            <ymin>181</ymin>
            <xmax>35</xmax>
            <ymax>186</ymax>
        </bndbox>
    </object>
</annotation>