<annotation>
    <folder>images</folder>
    <filename>Misc_276.png</filename>
    <size>
        <width>352</width>
        <height>241</height>
        <depth>3</depth>
    </size>
    <segmented>0</segmented>
    <object>
        <name>Target</name>
        <pose>Unspecified</pose>
        <truncated>0</truncated>
        <occluded>0</occluded>
        <difficult>0</difficult>
        <pixels>
            <id>0</id>
        </pixels>
        <bndbox>
            <xmin>195</xmin>
            <ymin>130</ymin>
            <xmax>211</xmax>
            <ymax>155</ymax>
        </bndbox>
    </object>
</annotation>