<annotation>
    <folder>images</folder>
    <filename>Misc_394.png</filename>
    <size>
        <width>307</width>
        <height>213</height>
        <depth>3</depth>
    </size>
    <segmented>0</segmented>
    <object>
        <name>Target</name>
        <pose>Unspecified</pose>
        <truncated>0</truncated>
        <occluded>0</occluded>
        <difficult>0</difficult>
        <pixels>
            <id>0</id>
        </pixels>
        <bndbox>
            <xmin>51</xmin>
            <ymin>55</ymin>
            <xmax>59</xmax>
            <ymax>63</ymax>
        </bndbox>
    </object>
</annotation>