<annotation>
    <folder>images</folder>
    <filename>Misc_383.png</filename>
    <size>
        <width>344</width>
        <height>320</height>
        <depth>3</depth>
    </size>
    <segmented>0</segmented>
    <object>
        <name>Target</name>
        <pose>Unspecified</pose>
        <truncated>0</truncated>
        <occluded>0</occluded>
        <difficult>0</difficult>
        <pixels>
            <id>0</id>
        </pixels>
        <bndbox>
            <xmin>218</xmin>
            <ymin>81</ymin>
            <xmax>226</xmax>
            <ymax>88</ymax>
        </bndbox>
    </object>
</annotation>