<annotation>
    <folder>images</folder>
    <filename>Misc_300.png</filename>
    <size>
        <width>261</width>
        <height>172</height>
        <depth>3</depth>
    </size>
    <segmented>0</segmented>
    <object>
        <name>Target</name>
        <pose>Unspecified</pose>
        <truncated>0</truncated>
        <occluded>0</occluded>
        <difficult>0</difficult>
        <pixels>
            <id>0</id>
        </pixels>
        <bndbox>
            <xmin>115</xmin>
            <ymin>71</ymin>
            <xmax>129</xmax>
            <ymax>83</ymax>
        </bndbox>
    </object>
</annotation>