<annotation>
    <folder>images</folder>
    <filename>Misc_13.png</filename>
    <size>
        <width>249</width>
        <height>249</height>
        <depth>3</depth>
    </size>
    <segmented>0</segmented>
    <object>
        <name>Target</name>
        <pose>Unspecified</pose>
        <truncated>0</truncated>
        <occluded>0</occluded>
        <difficult>0</difficult>
        <pixels>
            <id>0</id>
        </pixels>
        <bndbox>
            <xmin>67</xmin>
            <ymin>142</ymin>
            <xmax>69</xmax>
            <ymax>144</ymax>
        </bndbox>
    </object>
</annotation>