<annotation>
    <folder>images</folder>
    <filename>Misc_20.png</filename>
    <size>
        <width>302</width>
        <height>274</height>
        <depth>3</depth>
    </size>
    <segmented>0</segmented>
    <object>
        <name>Target</name>
        <pose>Unspecified</pose>
        <truncated>0</truncated>
        <occluded>0</occluded>
        <difficult>0</difficult>
        <pixels>
            <id>0</id>
        </pixels>
        <bndbox>
            <xmin>99</xmin>
            <ymin>162</ymin>
            <xmax>102</xmax>
            <ymax>166</ymax>
        </bndbox>
    </object>
</annotation>