<annotation>
    <folder>images</folder>
    <filename>Misc_285.png</filename>
    <size>
        <width>311</width>
        <height>213</height>
        <depth>3</depth>
    </size>
    <segmented>0</segmented>
    <object>
        <name>Target</name>
        <pose>Unspecified</pose>
        <truncated>0</truncated>
        <occluded>0</occluded>
        <difficult>0</difficult>
        <pixels>
            <id>0</id>
        </pixels>
        <bndbox>
            <xmin>230</xmin>
            <ymin>38</ymin>
            <xmax>288</xmax>
            <ymax>130</ymax>
        </bndbox>
    </object>
</annotation>