<annotation>
    <folder>images</folder>
    <filename>Misc_419.png</filename>
    <size>
        <width>315</width>
        <height>234</height>
        <depth>3</depth>
    </size>
    <segmented>0</segmented>
    <object>
        <name>Target</name>
        <pose>Unspecified</pose>
        <truncated>0</truncated>
        <occluded>0</occluded>
        <difficult>0</difficult>
        <pixels>
            <id>0</id>
        </pixels>
        <bndbox>
            <xmin>32</xmin>
            <ymin>35</ymin>
            <xmax>37</xmax>
            <ymax>41</ymax>
        </bndbox>
    </object>
</annotation>