<annotation>
    <folder>images</folder>
    <filename>Misc_253.png</filename>
    <size>
        <width>308</width>
        <height>215</height>
        <depth>3</depth>
    </size>
    <segmented>0</segmented>
    <object>
        <name>Target</name>
        <pose>Unspecified</pose>
        <truncated>0</truncated>
        <occluded>0</occluded>
        <difficult>0</difficult>
        <pixels>
            <id>0</id>
        </pixels>
        <bndbox>
            <xmin>22</xmin>
            <ymin>10</ymin>
            <xmax>27</xmax>
            <ymax>13</ymax>
        </bndbox>
    </object>
</annotation>