<annotation>
    <folder>images</folder>
    <filename>Misc_211.png</filename>
    <size>
        <width>351</width>
        <height>231</height>
        <depth>3</depth>
    </size>
    <segmented>0</segmented>
    <object>
        <name>Target</name>
        <pose>Unspecified</pose>
        <truncated>0</truncated>
        <occluded>0</occluded>
        <difficult>0</difficult>
        <pixels>
            <id>0</id>
        </pixels>
        <bndbox>
            <xmin>253</xmin>
            <ymin>36</ymin>
            <xmax>282</xmax>
            <ymax>217</ymax>
        </bndbox>
    </object>
</annotation>