<annotation>
    <folder>images</folder>
    <filename>Misc_80.png</filename>
    <size>
        <width>333</width>
        <height>294</height>
        <depth>3</depth>
    </size>
    <segmented>0</segmented>
    <object>
        <name>Target</name>
        <pose>Unspecified</pose>
        <truncated>0</truncated>
        <occluded>0</occluded>
        <difficult>0</difficult>
        <pixels>
            <id>0</id>
        </pixels>
        <bndbox>
            <xmin>25</xmin>
            <ymin>161</ymin>
            <xmax>34</xmax>
            <ymax>168</ymax>
        </bndbox>
    </object>
</annotation>