<annotation>
    <folder>images</folder>
    <filename>Misc_91.png</filename>
    <size>
        <width>269</width>
        <height>197</height>
        <depth>3</depth>
    </size>
    <segmented>0</segmented>
    <object>
        <name>Target</name>
        <pose>Unspecified</pose>
        <truncated>0</truncated>
        <occluded>0</occluded>
        <difficult>0</difficult>
        <pixels>
            <id>0</id>
        </pixels>
        <bndbox>
            <xmin>163</xmin>
            <ymin>117</ymin>
            <xmax>175</xmax>
            <ymax>126</ymax>
        </bndbox>
    </object>
</annotation>