<annotation>
    <folder>images</folder>
    <filename>Misc_396.png</filename>
    <size>
        <width>301</width>
        <height>317</height>
        <depth>3</depth>
    </size>
    <segmented>0</segmented>
    <object>
        <name>Target</name>
        <pose>Unspecified</pose>
        <truncated>0</truncated>
        <occluded>0</occluded>
        <difficult>0</difficult>
        <pixels>
            <id>0</id>
        </pixels>
        <bndbox>
            <xmin>23</xmin>
            <ymin>206</ymin>
            <xmax>30</xmax>
            <ymax>213</ymax>
        </bndbox>
    </object>
</annotation>