<annotation>
    <folder>images</folder>
    <filename>Misc_301.png</filename>
    <size>
        <width>374</width>
        <height>258</height>
        <depth>3</depth>
    </size>
    <segmented>0</segmented>
    <object>
        <name>Target</name>
        <pose>Unspecified</pose>
        <truncated>0</truncated>
        <occluded>0</occluded>
        <difficult>0</difficult>
        <pixels>
            <id>0</id>
        </pixels>
        <bndbox>
            <xmin>55</xmin>
            <ymin>27</ymin>
            <xmax>67</xmax>
            <ymax>31</ymax>
        </bndbox>
    </object>
</annotation>