<annotation>
    <folder>images</folder>
    <filename>Misc_378.png</filename>
    <size>
        <width>219</width>
        <height>219</height>
        <depth>3</depth>
    </size>
    <segmented>0</segmented>
    <object>
        <name>Target</name>
        <pose>Unspecified</pose>
        <truncated>0</truncated>
        <occluded>0</occluded>
        <difficult>0</difficult>
        <pixels>
            <id>0</id>
        </pixels>
        <bndbox>
            <xmin>110</xmin>
            <ymin>48</ymin>
            <xmax>111</xmax>
            <ymax>51</ymax>
        </bndbox>
    </object>
</annotation>