<annotation>
    <folder>images</folder>
    <filename>Misc_79.png</filename>
    <size>
        <width>407</width>
        <height>272</height>
        <depth>3</depth>
    </size>
    <segmented>0</segmented>
    <object>
        <name>Target</name>
        <pose>Unspecified</pose>
        <truncated>0</truncated>
        <occluded>0</occluded>
        <difficult>0</difficult>
        <pixels>
            <id>0</id>
        </pixels>
        <bndbox>
            <xmin>190</xmin>
            <ymin>62</ymin>
            <xmax>194</xmax>
            <ymax>65</ymax>
        </bndbox>
    </object>
</annotation>