<annotation>
    <folder>images</folder>
    <filename>Misc_259.png</filename>
    <size>
        <width>254</width>
        <height>162</height>
        <depth>3</depth>
    </size>
    <segmented>0</segmented>
    <object>
        <name>Target</name>
        <pose>Unspecified</pose>
        <truncated>0</truncated>
        <occluded>0</occluded>
        <difficult>0</difficult>
        <pixels>
            <id>0</id>
        </pixels>
        <bndbox>
            <xmin>120</xmin>
            <ymin>150</ymin>
            <xmax>127</xmax>
            <ymax>156</ymax>
        </bndbox>
    </object>
</annotation>