<annotation>
    <folder>images</folder>
    <filename>Misc_18.png</filename>
    <size>
        <width>367</width>
        <height>305</height>
        <depth>3</depth>
    </size>
    <segmented>0</segmented>
    <object>
        <name>Target</name>
        <pose>Unspecified</pose>
        <truncated>0</truncated>
        <occluded>0</occluded>
        <difficult>0</difficult>
        <pixels>
            <id>0</id>
        </pixels>
        <bndbox>
            <xmin>54</xmin>
            <ymin>132</ymin>
            <xmax>195</xmax>
            <ymax>151</ymax>
        </bndbox>
    </object>
</annotation>