<annotation>
    <folder>images</folder>
    <filename>Misc_103.png</filename>
    <size>
        <width>364</width>
        <height>230</height>
        <depth>3</depth>
    </size>
    <segmented>0</segmented>
    <object>
        <name>Target</name>
        <pose>Unspecified</pose>
        <truncated>0</truncated>
        <occluded>0</occluded>
        <difficult>0</difficult>
        <pixels>
            <id>0</id>
        </pixels>
        <bndbox>
            <xmin>169</xmin>
            <ymin>31</ymin>
            <xmax>192</xmax>
            <ymax>54</ymax>
        </bndbox>
    </object>
</annotation>