<annotation>
    <folder>images</folder>
    <filename>Misc_286.png</filename>
    <size>
        <width>237</width>
        <height>237</height>
        <depth>3</depth>
    </size>
    <segmented>0</segmented>
    <object>
        <name>Target</name>
        <pose>Unspecified</pose>
        <truncated>0</truncated>
        <occluded>0</occluded>
        <difficult>0</difficult>
        <pixels>
            <id>0</id>
        </pixels>
        <bndbox>
            <xmin>105</xmin>
            <ymin>200</ymin>
            <xmax>108</xmax>
            <ymax>202</ymax>
        </bndbox>
    </object>
</annotation>