<annotation>
    <folder>images</folder>
    <filename>Misc_359.png</filename>
    <size>
        <width>291</width>
        <height>291</height>
        <depth>3</depth>
    </size>
    <segmented>0</segmented>
    <object>
        <name>Target</name>
        <pose>Unspecified</pose>
        <truncated>0</truncated>
        <occluded>0</occluded>
        <difficult>0</difficult>
        <pixels>
            <id>0</id>
        </pixels>
        <bndbox>
            <xmin>79</xmin>
            <ymin>209</ymin>
            <xmax>134</xmax>
            <ymax>257</ymax>
        </bndbox>
    </object>
</annotation>