<annotation>
    <folder>images</folder>
    <filename>Misc_207.png</filename>
    <size>
        <width>344</width>
        <height>223</height>
        <depth>3</depth>
    </size>
    <segmented>0</segmented>
    <object>
        <name>Target</name>
        <pose>Unspecified</pose>
        <truncated>0</truncated>
        <occluded>0</occluded>
        <difficult>0</difficult>
        <pixels>
            <id>0</id>
        </pixels>
        <bndbox>
            <xmin>265</xmin>
            <ymin>48</ymin>
            <xmax>304</xmax>
            <ymax>213</ymax>
        </bndbox>
    </object>
</annotation>