<annotation>
    <folder>images</folder>
    <filename>Misc_192.png</filename>
    <size>
        <width>286</width>
        <height>199</height>
        <depth>3</depth>
    </size>
    <segmented>0</segmented>
    <object>
        <name>Target</name>
        <pose>Unspecified</pose>
        <truncated>0</truncated>
        <occluded>0</occluded>
        <difficult>0</difficult>
        <pixels>
            <id>0</id>
        </pixels>
        <bndbox>
            <xmin>144</xmin>
            <ymin>140</ymin>
            <xmax>148</xmax>
            <ymax>143</ymax>
        </bndbox>
    </object>
</annotation>