<annotation>
    <folder>images</folder>
    <filename>Misc_111.png</filename>
    <size>
        <width>592</width>
        <height>400</height>
        <depth>3</depth>
    </size>
    <segmented>0</segmented>
    <object>
        <name>Target</name>
        <pose>Unspecified</pose>
        <truncated>0</truncated>
        <occluded>0</occluded>
        <difficult>0</difficult>
        <pixels>
            <id>0</id>
        </pixels>
        <bndbox>
            <xmin>261</xmin>
            <ymin>206</ymin>
            <xmax>274</xmax>
            <ymax>216</ymax>
        </bndbox>
    </object>
</annotation>