<annotation>
    <folder>images</folder>
    <filename>Misc_221.png</filename>
    <size>
        <width>360</width>
        <height>273</height>
        <depth>3</depth>
    </size>
    <segmented>0</segmented>
    <object>
        <name>Target</name>
        <pose>Unspecified</pose>
        <truncated>0</truncated>
        <occluded>0</occluded>
        <difficult>0</difficult>
        <pixels>
            <id>0</id>
        </pixels>
        <bndbox>
            <xmin>247</xmin>
            <ymin>248</ymin>
            <xmax>249</xmax>
            <ymax>251</ymax>
        </bndbox>
    </object>
</annotation>