<annotation>
    <folder>images</folder>
    <filename>Misc_39.png</filename>
    <size>
        <width>256</width>
        <height>171</height>
        <depth>3</depth>
    </size>
    <segmented>0</segmented>
    <object>
        <name>Target</name>
        <pose>Unspecified</pose>
        <truncated>0</truncated>
        <occluded>0</occluded>
        <difficult>0</difficult>
        <pixels>
            <id>0</id>
        </pixels>
        <bndbox>
            <xmin>102</xmin>
            <ymin>87</ymin>
            <xmax>108</xmax>
            <ymax>90</ymax>
        </bndbox>
    </object>
</annotation>