<annotation>
    <folder>images</folder>
    <filename>Misc_352.png</filename>
    <size>
        <width>305</width>
        <height>214</height>
        <depth>3</depth>
    </size>
    <segmented>0</segmented>
    <object>
        <name>Target</name>
        <pose>Unspecified</pose>
        <truncated>0</truncated>
        <occluded>0</occluded>
        <difficult>0</difficult>
        <pixels>
            <id>0</id>
        </pixels>
        <bndbox>
            <xmin>22</xmin>
            <ymin>162</ymin>
            <xmax>27</xmax>
            <ymax>169</ymax>
        </bndbox>
    </object>
</annotation>